DateTime,1:*Refrigerant type,12:Op mode,13:Therm. on/off,14:Restart standby,15:Startup ctrl,16:Defrost op.,17:Oil ret op.,19:Demand signal,20:Low noise ctrl.,21:Freeze protection,37:OU Error type,38:OU Error code,41:Disch temp. drop,42:Disch prtc rtry qty,43:Comp. INV 2nd Drop,44:INV cur prtc rtry qty,45:HP drop ctrl.,46:HP prtc rtry qty,47:LP drop ctrl.,48:LP prtc rtry qty,49:Fin temp drop ctr,50:Fin tmp prtc rtry qty,51:Other drop ctrl.,52:Retry code,53:Demand %,55:Outdoor air temp.(F),56:ODU hex temp.(F),57:Disch temp.(F),58:Suction temp.(F),60:Liquid pipe temp.(F),61:High pressure(psi),62:Low pressure(psi),63:Cond temp(F),64:Evap temp(F),65:Out Target SC,66:INV prim cur(A),67:INV scnd cur(A),68:INV fin temp.(F),69:Fan1 Fin temp.(F),70:Fan2 Fin temp.(F),71:System operation current (A),72:Fan current1 (A),73:Fan current2 (A),76:Comp (rps),77:Fan (step),78:EV (main) (pls),79:4 way valve,87:SV (hot gas),95:SV (drain pan),103:Comp op command,104:Fan1 op command,105:Fan2 op command,106:Trgt comp. (rps),107:Trgt o_fan1 (rpm),108:O_fan1 (rpm),109:Trgt o_fan2 (rpm),110:O_fan2 (rpm),111:EV (injection)(pls),115:IDU address,116:Indoor operation mode,118:Indoor err code,123:Indoor liquid temp.(F),124:Indoor gas temp.(F),125:IDU EV (pls),127:Req IDU air vol (x10CFM),128:Pre IDU air vol (x10CFM),129:Indoor pressure(psi),130:IDU Target SH(F),131:IDU Target SC
2026/10/02 10:26:30,R32,Cooling,OFF,OFF,OFF,OFF,OFF,OFF,OFF,OFF,Normal,00,OFF,0,OFF,0,OFF,0,OFF,0,OFF,0,OFF,0,0,66.7,66.2,91.8,66.7,72.0,189.2,189.2,64.6,64.8,---,0.0,0.0,118.4,106.3,79.5,0.0,0.0,0.0,10,OFF,0,ON,OFF,ON,OFF,OFF,OFF,0,0,0,0,0,0,0,Fan Only,00,64.8,65.1,50,0,0,184.9,9.0,---
2026/10/02 10:27:00,R32,Cooling,OFF,OFF,OFF,OFF,OFF,OFF,OFF,OFF,Normal,00,OFF,0,OFF,0,OFF,0,OFF,0,OFF,0,OFF,0,0,67.1,65.8,92.1,67.1,72.3,189.2,189.2,64.6,64.9,---,0.0,0.0,119.7,107.8,79.7,0.0,0.0,0.0,10,OFF,0,ON,OFF,ON,OFF,OFF,OFF,0,0,0,0,0,0,0,Fan Only,00,64.9,65.1,50,0,0,186.3,9.0,---
2026/10/02 10:27:30,R32,Cooling,OFF,OFF,OFF,OFF,OFF,OFF,OFF,OFF,Normal,00,OFF,0,OFF,0,OFF,0,OFF,0,OFF,0,OFF,0,0,66.7,66.4,91.8,66.9,72.5,189.2,189.2,64.9,64.9,---,0.0,0.0,121.1,109.0,79.7,0.0,0.0,0.0,10,OFF,0,ON,OFF,ON,OFF,OFF,OFF,0,0,0,0,0,0,0,Fan Only,00,64.9,65.1,50,0,0,184.9,9.0,---
2026/10/02 10:28:00,R32,Cooling,OFF,OFF,OFF,OFF,OFF,OFF,OFF,OFF,Normal,00,OFF,0,OFF,0,OFF,0,OFF,0,OFF,0,OFF,0,0,67.1,66.0,92.1,67.1,73.0,189.2,190.6,64.9,65.1,---,0.0,0.0,122.4,110.3,79.9,0.0,0.0,0.0,10,OFF,0,ON,OFF,ON,OFF,OFF,OFF,0,0,0,0,0,0,0,Fan Only,00,65.1,65.1,50,0,0,186.3,9.0,---
2026/10/02 10:28:30,R32,Cooling,ON,OFF,OFF,OFF,OFF,OFF,OFF,OFF,Normal,00,OFF,0,OFF,0,OFF,0,OFF,0,OFF,0,OFF,0,100,66.9,66.4,92.1,67.1,73.4,189.2,190.6,64.9,65.1,---,0.0,0.0,117.7,111.0,79.9,0.0,0.0,0.0,0,OFF,0,ON,OFF,ON,OFF,OFF,OFF,0,0,0,0,0,0,0,Cooling,00,65.1,65.3,50,0,0,184.9,9.0,---
2026/10/02 10:29:00,R32,Cooling,ON,OFF,ON,OFF,OFF,OFF,OFF,OFF,Normal,00,OFF,0,OFF,0,OFF,0,OFF,0,OFF,0,OFF,0,100,66.9,69.6,131.7,55.0,75.7,230.4,140.8,77.4,48.2,---,2.8,5.1,105.3,101.1,80.4,3.0,0.2,0.0,19,2,264,OFF,OFF,ON,ON,ON,ON,19,335,335,0,0,0,0,Cooling,00,62.6,58.3,0,79,47,145.1,9.0,---
2026/10/02 10:30:30,R32,Cooling,ON,OFF,ON,OFF,OFF,OFF,OFF,OFF,Normal,00,OFF,0,OFF,0,OFF,0,OFF,0,OFF,0,OFF,0,100,66.9,72.1,150.3,45.3,77.4,254.6,113.8,83.5,37.0,---,6.0,7.4,100.0,95.0,82.2,6.1,0.1,0.3,43,3,480,OFF,OFF,OFF,ON,ON,ON,45,280,280,280,110,0,0,Cooling,00,53.6,47.5,0,79,78,115.2,9.0,---
2026/10/02 10:31:00,R32,Cooling,ON,OFF,ON,OFF,OFF,OFF,OFF,OFF,Normal,00,OFF,0,OFF,0,OFF,0,OFF,0,OFF,0,OFF,0,100,67.3,78.6,160.0,29.1,81.5,241.8,89.6,80.4,25.7,---,4.5,6.9,103.6,97.2,88.9,4.9,0.4,0.4,28,6,480,OFF,OFF,OFF,ON,ON,ON,28,540,540,540,540,0,0,Cooling,00,40.5,35.6,184,79,78,89.6,9.0,---
2026/10/02 10:31:30,R32,Cooling,ON,OFF,ON,OFF,OFF,OFF,OFF,OFF,Normal,00,OFF,0,OFF,0,OFF,0,OFF,0,OFF,0,OFF,0,100,67.5,78.6,160.9,27.5,80.2,233.3,74.0,78.3,17.4,---,4.4,6.8,107.6,100.0,90.5,4.8,0.4,0.4,28,6,480,OFF,OFF,OFF,ON,ON,ON,28,540,540,540,540,0,0,Cooling,00,34.9,38.3,111,79,78,79.6,9.0,---
2026/10/02 10:32:00,R32,Cooling,ON,OFF,ON,OFF,OFF,OFF,OFF,OFF,Normal,00,OFF,0,OFF,0,OFF,0,OFF,0,OFF,0,OFF,0,100,67.8,75.7,160.3,30.9,77.4,221.9,46.9,75.0,-1.7,---,4.2,6.4,99.0,93.6,92.1,4.6,0.4,0.4,28,6,480,OFF,OFF,OFF,ON,ON,ON,28,540,540,540,540,0,0,Cooling,00,31.1,45.5,135,79,78,46.9,7.2,---
2026/10/02 10:32:30,R32,Cooling,ON,OFF,ON,OFF,OFF,OFF,OFF,OFF,Normal,00,OFF,0,OFF,0,OFF,0,OFF,0,OFF,0,OFF,0,100,67.8,73.6,158.4,33.8,73.9,214.8,51.2,72.9,1.6,---,3.7,6.2,94.3,90.1,93.2,4.0,0.3,0.3,24,5,480,OFF,OFF,OFF,ON,ON,ON,24,450,450,450,450,0,0,Cooling,00,18.0,51.3,207,79,78,51.2,7.2,---
2026/10/02 10:33:00,R32,Cooling,ON,OFF,ON,OFF,OFF,OFF,OFF,OFF,Normal,00,OFF,0,OFF,0,OFF,0,OFF,0,OFF,0,OFF,0,100,67.8,72.1,158.2,37.0,72.9,221.9,78.2,75.0,19.8,---,3.8,6.4,93.6,89.2,93.7,4.1,0.3,0.3,24,5,480,OFF,OFF,OFF,ON,ON,ON,24,450,450,450,450,0,0,Cooling,00,15.6,54.3,197,79,78,76.8,7.2,---
2026/10/02 10:33:30,R32,Cooling,ON,OFF,ON,OFF,OFF,OFF,OFF,OFF,Normal,00,OFF,0,OFF,0,OFF,0,OFF,0,OFF,0,OFF,0,100,68.0,73.9,156.4,43.3,73.8,220.5,68.3,74.3,14.2,---,3.4,6.1,95.5,89.1,95.9,3.7,0.3,0.3,15,5,480,OFF,OFF,OFF,ON,ON,ON,15,450,450,450,450,0,0,Cooling,00,19.4,61.0,115,79,78,68.3,7.2,---
2026/10/02 10:35:00,R32,Cooling,ON,OFF,ON,OFF,OFF,OFF,OFF,OFF,Normal,00,OFF,0,OFF,0,OFF,0,OFF,0,OFF,0,OFF,0,100,68.2,73.9,155.7,46.0,73.2,217.6,81.1,73.8,20.8,---,3.3,6.0,94.1,87.6,95.7,3.6,0.3,0.3,15,5,480,OFF,OFF,OFF,ON,ON,ON,15,450,450,450,450,0,0,Cooling,00,19.4,61.7,120,79,78,79.6,7.2,---
2026/10/02 10:35:30,R32,Cooling,ON,OFF,ON,OFF,OFF,OFF,OFF,OFF,Normal,00,OFF,0,OFF,0,OFF,0,OFF,0,OFF,0,OFF,0,100,68.2,73.0,154.2,47.8,72.9,217.6,86.8,73.4,23.7,---,2.6,5.7,92.7,87.3,96.1,2.9,0.3,0.3,11,5,480,OFF,OFF,OFF,ON,ON,ON,11,450,450,450,450,0,0,Cooling,00,23.2,62.4,94,79,78,81.1,7.2,---
2026/10/02 10:36:00,R32,Cooling,ON,OFF,ON,OFF,OFF,OFF,OFF,OFF,Normal,00,OFF,0,OFF,0,OFF,0,OFF,0,OFF,0,OFF,0,100,68.2,73.0,152.6,49.6,72.3,214.8,96.7,72.9,29.5,---,2.5,5.4,91.8,86.7,96.3,2.8,0.3,0.3,11,5,480,OFF,OFF,OFF,ON,ON,ON,11,450,450,450,450,0,0,Cooling,00,26.1,63.3,138,79,78,95.3,7.2,---
2026/10/02 10:36:30,R32,Cooling,ON,OFF,OFF,OFF,OFF,OFF,OFF,OFF,Normal,00,OFF,0,OFF,0,OFF,0,OFF,0,OFF,0,OFF,0,100,68.0,72.5,151.7,51.4,72.1,214.8,106.7,72.5,34.0,---,2.4,5.2,90.9,86.4,96.6,2.7,0.3,0.3,11,5,480,OFF,OFF,OFF,ON,ON,ON,11,450,450,450,450,0,0,Cooling,00,28.6,64.0,162,79,78,101.0,7.2,---
2026/10/02 10:37:00,R32,Cooling,ON,OFF,OFF,OFF,OFF,OFF,OFF,OFF,Normal,00,OFF,0,OFF,0,OFF,0,OFF,0,OFF,0,OFF,0,100,68.0,71.6,149.9,54.1,72.1,216.2,125.2,73.2,41.5,---,2.3,4.7,89.8,86.0,97.2,2.6,0.3,0.3,11,5,480,OFF,OFF,OFF,ON,ON,ON,12,450,450,450,450,0,0,Cooling,00,32.0,65.1,195,96,78,120.9,7.2,---
2026/10/02 10:37:30,R32,Cooling,ON,OFF,OFF,OFF,OFF,OFF,OFF,OFF,Normal,00,OFF,0,OFF,0,OFF,0,OFF,0,OFF,0,OFF,0,100,68.0,71.4,149.4,54.9,72.1,217.6,126.6,73.4,42.3,---,2.4,4.8,90.7,86.0,97.3,2.7,0.3,0.3,12,5,480,OFF,OFF,OFF,ON,ON,ON,12,450,450,450,450,0,0,Cooling,00,32.7,65.3,201,96,78,126.6,7.2,---
2026/10/02 10:38:00,R32,Cooling,ON,OFF,OFF,OFF,OFF,OFF,OFF,OFF,Normal,00,OFF,0,OFF,0,OFF,0,OFF,0,OFF,0,OFF,0,100,67.8,71.1,134.2,45.3,74.8,230.4,130.9,77.4,43.9,---,2.9,5.4,91.8,88.5,100.8,3.2,0.3,0.3,19,5,480,OFF,OFF,OFF,ON,ON,ON,19,450,450,450,450,0,0,Cooling,00,45.9,47.8,199,96,95,130.9,7.2,---
2026/10/02 10:41:30,R32,Cooling,ON,OFF,OFF,OFF,OFF,OFF,OFF,OFF,Normal,00,OFF,0,OFF,0,OFF,0,OFF,0,OFF,0,OFF,0,100,67.8,71.2,133.9,45.3,75.0,230.4,129.4,77.7,43.7,---,2.9,5.5,92.3,88.7,100.9,3.2,0.3,0.3,19,5,480,OFF,OFF,OFF,ON,ON,ON,19,450,450,450,450,0,0,Cooling,00,45.5,47.5,198,96,95,130.9,7.2,---
2026/10/02 10:42:00,R32,Cooling,ON,OFF,OFF,OFF,OFF,OFF,OFF,OFF,Normal,00,OFF,0,OFF,0,OFF,0,OFF,0,OFF,0,OFF,0,100,68.0,72.5,124.9,56.7,76.8,240.4,119.5,80.2,39.7,---,3.9,6.1,96.1,91.9,104.9,4.2,0.3,0.3,26,5,480,OFF,OFF,OFF,ON,ON,ON,26,450,450,450,450,0,0,Cooling,00,40.6,59.2,211,137,137,118.1,7.2,---
2026/10/02 10:45:30,R32,Cooling,ON,OFF,OFF,OFF,OFF,OFF,OFF,OFF,Normal,00,OFF,0,OFF,0,OFF,0,OFF,0,OFF,0,OFF,0,100,68.0,72.5,124.9,56.8,76.8,240.4,120.9,80.1,39.9,---,3.9,6.1,96.1,92.1,104.9,4.2,0.3,0.3,26,5,480,OFF,OFF,OFF,ON,ON,ON,26,450,450,450,450,0,0,Cooling,00,40.6,59.2,211,137,137,118.1,7.2,---
2026/10/02 10:49:00,R32,Cooling,ON,OFF,OFF,OFF,OFF,OFF,OFF,OFF,Normal,00,OFF,0,OFF,0,OFF,0,OFF,0,OFF,0,OFF,0,100,68.0,72.5,124.9,56.8,76.8,240.4,120.9,80.1,40.1,---,3.8,6.0,95.9,91.9,104.9,4.1,0.3,0.3,26,5,480,OFF,OFF,OFF,ON,ON,ON,26,450,450,450,450,0,0,Cooling,00,40.6,59.2,211,137,137,118.1,7.2,---
2026/10/02 10:50:00,R32,Cooling,ON,OFF,OFF,OFF,OFF,OFF,OFF,OFF,Normal,00,OFF,0,OFF,0,OFF,0,OFF,0,OFF,0,OFF,0,100,68.0,72.7,124.9,57.2,77.0,240.4,120.9,80.1,40.3,---,4.0,6.1,95.9,91.9,104.9,4.3,0.3,0.3,28,6,480,OFF,OFF,OFF,ON,ON,ON,28,540,450,540,450,0,0,Cooling,00,40.6,59.2,211,137,137,118.1,7.2,---
2026/10/02 10:50:30,R32,Cooling,ON,OFF,OFF,OFF,OFF,OFF,OFF,OFF,Normal,00,OFF,0,OFF,0,OFF,0,OFF,0,OFF,0,OFF,0,100,67.8,72.3,124.9,58.5,76.6,238.9,113.8,79.9,37.0,---,4.6,6.3,95.5,92.1,105.8,5.0,0.4,0.4,32,6,480,OFF,OFF,OFF,ON,ON,ON,32,540,540,540,540,0,0,Cooling,00,42.4,46.9,217,138,137,115.2,7.2,---
2026/10/02 10:51:00,R32,Cooling,ON,OFF,OFF,OFF,OFF,OFF,OFF,OFF,Normal,00,OFF,0,OFF,0,OFF,0,OFF,0,OFF,0,OFF,0,100,67.8,72.1,125.1,58.6,76.3,240.4,110.9,80.2,36.1,---,4.7,6.4,95.9,91.9,106.0,5.1,0.4,0.4,32,6,480,OFF,OFF,OFF,ON,ON,ON,32,540,540,540,540,0,0,Cooling,00,41.9,49.5,218,138,137,110.9,7.2,---
2026/10/02 10:51:30,R32,Cooling,ON,OFF,OFF,OFF,OFF,OFF,OFF,OFF,Normal,00,OFF,0,OFF,0,OFF,0,OFF,0,OFF,0,OFF,0,100,67.8,72.1,126.1,59.2,75.7,236.1,112.4,79.2,36.3,---,4.6,6.2,95.5,91.4,105.6,5.2,0.6,0.6,32,7,480,OFF,OFF,OFF,ON,ON,ON,32,650,650,650,650,0,0,Cooling,00,40.8,54.3,221,138,137,110.9,7.2,---
2026/10/02 10:52:00,R32,Cooling,ON,OFF,OFF,OFF,OFF,OFF,OFF,OFF,Normal,00,OFF,0,OFF,0,OFF,0,OFF,0,OFF,0,OFF,0,100,68.0,72.1,126.7,59.5,75.7,234.7,113.8,79.0,37.2,---,4.5,6.2,94.6,90.5,105.3,5.1,0.6,0.6,32,7,480,OFF,OFF,OFF,ON,ON,ON,32,650,650,650,650,0,0,Cooling,00,39.9,59.0,227,138,137,110.9,7.2,---
2026/10/02 10:52:30,R32,Cooling,ON,OFF,OFF,OFF,OFF,OFF,OFF,OFF,Normal,00,OFF,0,OFF,0,OFF,0,OFF,0,OFF,0,OFF,0,100,68.0,72.3,127.6,60.1,75.7,234.7,116.6,79.0,38.5,---,4.5,6.1,94.6,90.5,105.1,5.1,0.6,0.6,32,7,480,OFF,OFF,OFF,ON,ON,ON,32,650,650,650,650,0,0,Cooling,00,40.5,59.9,234,138,137,115.2,7.2,---
2026/10/02 10:53:00,R32,Cooling,ON,OFF,OFF,OFF,OFF,OFF,OFF,OFF,Normal,00,OFF,0,OFF,0,OFF,0,OFF,0,OFF,0,OFF,0,100,67.8,72.1,127.6,60.4,75.6,230.4,116.6,77.7,38.7,---,4.4,6.0,94.1,90.1,105.1,5.0,0.6,0.6,32,7,480,OFF,OFF,OFF,ON,ON,ON,32,650,650,650,650,0,0,Cooling,00,41.2,45.3,233,138,137,116.6,7.2,---
2026/10/02 10:53:30,R32,Cooling,ON,OFF,OFF,OFF,OFF,OFF,OFF,OFF,Normal,00,OFF,0,OFF,0,OFF,0,OFF,0,OFF,0,OFF,0,100,68.2,71.8,131.9,55.8,75.2,237.5,116.6,79.3,38.3,---,4.5,6.2,94.6,90.0,105.4,5.1,0.6,0.6,32,7,480,OFF,OFF,OFF,ON,ON,ON,32,650,650,650,650,0,0,Cooling,00,41.9,42.8,229,138,137,116.6,7.2,---
2026/10/02 10:57:00,R32,Cooling,ON,OFF,OFF,OFF,OFF,OFF,OFF,OFF,Normal,00,OFF,0,OFF,0,OFF,0,OFF,0,OFF,0,OFF,0,100,68.2,72.0,131.9,55.8,75.2,237.5,116.6,79.3,38.3,---,4.5,6.2,94.6,90.0,105.4,5.1,0.6,0.6,32,7,480,OFF,OFF,OFF,ON,ON,ON,32,650,650,650,650,0,0,Cooling,00,41.9,42.6,229,138,137,118.1,7.2,---
2026/10/02 10:59:30,R32,Cooling,ON,OFF,OFF,OFF,OFF,OFF,OFF,OFF,Normal,00,OFF,0,OFF,0,OFF,0,OFF,0,OFF,0,OFF,0,100,68.4,72.0,131.9,55.6,75.4,237.5,116.6,79.5,38.1,---,4.6,6.3,94.6,89.8,105.4,5.2,0.6,0.6,32,7,480,OFF,OFF,OFF,ON,ON,ON,32,650,650,650,650,0,0,Cooling,00,41.5,43.3,229,138,137,115.2,7.2,---
2026/10/02 11:00:30,R32,Cooling,ON,OFF,OFF,OFF,OFF,OFF,OFF,OFF,Normal,00,OFF,0,OFF,0,OFF,0,OFF,0,OFF,0,OFF,0,100,68.2,72.1,132.4,55.4,75.2,236.1,116.6,79.2,38.3,---,4.5,6.2,94.5,89.6,105.6,5.1,0.6,0.6,32,7,480,OFF,OFF,OFF,ON,ON,ON,32,650,650,650,650,0,0,Cooling,00,41.4,49.5,231,138,137,116.6,7.2,---
2026/10/02 11:01:00,R32,Cooling,ON,OFF,OFF,OFF,OFF,OFF,OFF,OFF,Normal,00,OFF,0,OFF,0,OFF,0,OFF,0,OFF,0,OFF,0,100,68.0,72.1,132.3,55.6,75.2,236.1,116.6,79.2,38.3,---,4.5,6.2,94.5,89.8,105.8,5.1,0.6,0.6,32,7,480,OFF,OFF,OFF,ON,ON,ON,32,650,650,650,650,0,0,Cooling,00,41.5,43.2,230,138,137,118.1,7.2,---
2026/10/02 11:01:30,R32,Cooling,ON,OFF,OFF,OFF,OFF,OFF,OFF,OFF,Normal,00,OFF,0,OFF,0,OFF,0,OFF,0,OFF,0,OFF,0,100,67.8,71.8,132.1,55.6,75.0,230.4,115.2,77.7,37.9,---,4.4,6.0,94.1,89.6,105.6,5.0,0.6,0.6,32,7,480,OFF,OFF,OFF,ON,ON,ON,32,650,650,650,650,0,0,Cooling,00,41.5,42.8,229,138,137,115.2,7.2,---
2026/10/02 11:02:00,R32,Cooling,ON,OFF,OFF,OFF,OFF,OFF,OFF,OFF,Normal,00,OFF,0,OFF,0,OFF,0,OFF,0,OFF,0,OFF,0,100,67.6,71.4,132.1,55.8,74.3,230.4,113.8,77.7,37.4,---,4.4,6.1,93.6,89.2,105.6,5.0,0.6,0.6,32,7,480,OFF,OFF,OFF,ON,ON,ON,32,650,650,650,650,0,0,Cooling,00,41.5,45.3,229,138,137,113.8,7.2,---
2026/10/02 11:02:30,R32,Cooling,ON,OFF,OFF,OFF,OFF,OFF,OFF,OFF,Normal,00,OFF,0,OFF,0,OFF,0,OFF,0,OFF,0,OFF,0,100,67.6,71.2,132.1,55.8,74.1,233.3,115.2,78.3,37.8,---,4.5,6.1,93.6,89.1,105.6,5.1,0.6,0.6,32,7,480,OFF,OFF,OFF,ON,ON,ON,32,650,650,650,650,0,0,Cooling,00,41.0,53.1,233,138,137,113.8,7.2,---
2026/10/02 11:03:00,R32,Cooling,ON,OFF,OFF,OFF,OFF,OFF,OFF,OFF,Normal,00,OFF,0,OFF,0,OFF,0,OFF,0,OFF,0,OFF,0,100,67.6,71.2,132.3,55.9,74.1,230.4,116.6,77.4,38.3,---,4.4,6.0,93.4,89.1,105.4,5.0,0.6,0.6,32,7,480,OFF,OFF,OFF,ON,ON,ON,32,650,650,650,650,0,0,Cooling,00,41.0,48.4,234,138,137,116.6,7.2,---
2026/10/02 11:03:30,R32,Cooling,ON,OFF,OFF,OFF,OFF,OFF,OFF,OFF,Normal,00,OFF,0,OFF,0,OFF,0,OFF,0,OFF,0,OFF,0,100,67.6,71.1,132.1,56.3,73.9,233.3,116.6,78.6,38.3,---,4.5,6.1,93.4,88.9,105.4,5.1,0.6,0.6,32,7,480,OFF,OFF,OFF,ON,ON,ON,32,650,650,650,650,0,0,Cooling,00,41.2,43.9,233,138,137,116.6,7.2,---
2026/10/02 11:04:00,R32,Cooling,ON,OFF,OFF,OFF,OFF,OFF,OFF,OFF,Normal,00,OFF,0,OFF,0,OFF,0,OFF,0,OFF,0,OFF,0,100,67.6,71.4,132.1,56.5,74.1,233.3,116.6,78.3,38.3,---,4.5,6.1,93.6,89.1,105.3,5.1,0.6,0.6,32,7,480,OFF,OFF,OFF,ON,ON,ON,32,650,650,650,650,0,0,Cooling,00,41.5,42.4,232,138,137,115.2,7.2,---
2026/10/02 11:04:30,R32,Cooling,ON,OFF,OFF,OFF,OFF,OFF,OFF,OFF,Normal,00,OFF,0,OFF,0,OFF,0,OFF,0,OFF,0,OFF,0,100,67.5,71.4,132.4,56.5,74.1,231.8,116.6,77.9,38.1,---,4.5,6.1,93.6,89.1,105.3,5.1,0.6,0.6,32,7,480,OFF,OFF,OFF,ON,ON,ON,32,650,650,650,650,0,0,Cooling,00,41.5,42.8,232,138,137,113.8,7.2,---
2026/10/02 11:05:00,R32,Cooling,ON,OFF,OFF,OFF,OFF,OFF,OFF,OFF,Normal,00,OFF,0,OFF,0,OFF,0,OFF,0,OFF,0,OFF,0,100,67.6,71.4,132.6,56.3,74.1,231.8,115.2,77.9,37.9,---,4.5,6.1,93.6,89.1,105.3,5.1,0.6,0.6,32,7,480,OFF,OFF,OFF,ON,ON,ON,32,650,650,650,650,0,0,Cooling,00,41.5,42.4,231,138,137,115.2,7.2,---
2026/10/02 11:05:30,R32,Cooling,ON,OFF,OFF,OFF,OFF,OFF,OFF,OFF,Normal,00,OFF,0,OFF,0,OFF,0,OFF,0,OFF,0,OFF,0,100,67.5,71.2,132.6,56.1,73.9,233.3,115.2,78.3,37.9,---,4.5,6.1,93.4,88.9,105.3,5.1,0.6,0.6,32,7,480,OFF,OFF,OFF,ON,ON,ON,32,650,650,650,650,0,0,Cooling,00,41.4,46.8,232,138,137,113.8,7.2,---
2026/10/02 11:06:00,R32,Cooling,ON,OFF,OFF,OFF,OFF,OFF,OFF,OFF,Normal,00,OFF,0,OFF,0,OFF,0,OFF,0,OFF,0,OFF,0,100,67.8,71.2,132.6,56.1,74.1,236.1,116.6,79.2,38.3,---,4.5,6.2,93.7,89.1,105.3,5.1,0.6,0.6,32,7,480,OFF,OFF,OFF,ON,ON,ON,32,650,650,650,650,0,0,Cooling,00,41.2,45.9,232,138,137,116.6,7.2,---
2026/10/02 11:06:30,R32,Cooling,ON,OFF,OFF,OFF,OFF,OFF,OFF,OFF,Normal,00,OFF,0,OFF,0,OFF,0,OFF,0,OFF,0,OFF,0,100,67.8,71.6,133.0,56.3,74.7,234.7,116.6,79.0,38.5,---,4.5,6.2,94.1,89.2,105.3,5.1,0.6,0.6,32,7,480,OFF,OFF,OFF,ON,ON,ON,32,650,650,650,650,0,0,Cooling,00,41.4,43.2,231,138,137,118.1,7.2,---
2026/10/02 11:07:00,R32,Cooling,ON,OFF,OFF,OFF,OFF,OFF,OFF,OFF,Normal,00,OFF,0,OFF,0,OFF,0,OFF,0,OFF,0,OFF,0,100,67.8,71.6,133.0,56.3,74.7,234.7,116.6,79.0,38.5,---,4.5,6.2,94.1,89.4,105.3,5.1,0.6,0.6,32,7,480,OFF,OFF,OFF,ON,ON,ON,32,650,650,650,650,0,0,Cooling,00,41.5,42.4,230,138,137,116.6,7.2,---
2026/10/02 11:07:30,R32,Cooling,ON,OFF,OFF,OFF,OFF,OFF,OFF,OFF,Normal,00,OFF,0,OFF,0,OFF,0,OFF,0,OFF,0,OFF,0,100,67.8,71.8,133.2,56.1,74.7,233.3,116.6,78.6,38.3,---,4.5,6.2,94.1,89.4,105.3,5.1,0.6,0.6,32,7,480,OFF,OFF,OFF,ON,ON,ON,32,650,650,650,650,0,0,Cooling,00,41.5,42.4,230,138,137,116.6,7.2,---
